{"stats":{"minecraft:killed":{"minecraft:cow":2},"minecraft:mined":{"minecraft:grass":7,"minecraft:tall_grass":3,"minecraft:dandelion":2},"minecraft:picked_up":{"minecraft:anvil":2,"minecraft:leather":6,"minecraft:wheat_seeds":22,"minecraft:dandelion":26,"minecraft:beef":14,"minecraft:netherite_shovel":2,"minecraft:grass_block":2,"minecraft:mutton":6,"minecraft:dirt":2,"minecraft:white_wool":2},"minecraft:custom":{"minecraft:time_since_rest":3196,"minecraft:play_one_minute":23013,"minecraft:crouch_one_cm":1060,"minecraft:sprint_one_cm":32844,"minecraft:walk_one_cm":72177,"minecraft:deaths":3,"minecraft:sneak_time":315,"minecraft:mob_kills":2,"minecraft:interact_with_anvil":1,"minecraft:drop":5,"minecraft:jump":115,"minecraft:damage_dealt":169,"minecraft:leave_game":5,"minecraft:time_since_death":3116,"minecraft:fly_one_cm":132611,"minecraft:fall_one_cm":2299},"minecraft:used":{"minecraft:dirt":20,"minecraft:beef":1,"minecraft:netherite_shovel":11,"minecraft:anvil":1,"minecraft:grass_block":46,"minecraft:polished_andesite":84},"minecraft:dropped":{"minecraft:leather":2,"minecraft:wheat_seeds":1,"minecraft:dandelion":2}},"DataVersion":2586}