{"stats":{"minecraft:killed":{"minecraft:cow":2},"minecraft:mined":{"minecraft:grass":7,"minecraft:tall_grass":3,"minecraft:dandelion":2},"minecraft:picked_up":{"minecraft:anvil":1,"minecraft:leather":6,"minecraft:wheat_seeds":16,"minecraft:dandelion":18,"minecraft:beef":9,"minecraft:netherite_shovel":1,"minecraft:grass_block":1,"minecraft:mutton":3,"minecraft:dirt":1,"minecraft:white_wool":2},"minecraft:custom":{"minecraft:time_since_rest":4840,"minecraft:play_one_minute":19033,"minecraft:crouch_one_cm":990,"minecraft:sprint_one_cm":28595,"minecraft:walk_one_cm":55962,"minecraft:deaths":2,"minecraft:sneak_time":282,"minecraft:mob_kills":2,"minecraft:interact_with_anvil":1,"minecraft:drop":5,"minecraft:jump":96,"minecraft:damage_dealt":169,"minecraft:leave_game":4,"minecraft:time_since_death":4815,"minecraft:fly_one_cm":123995,"minecraft:fall_one_cm":2299},"minecraft:used":{"minecraft:beef":1,"minecraft:netherite_shovel":11,"minecraft:anvil":1,"minecraft:grass_block":46},"minecraft:dropped":{"minecraft:leather":2,"minecraft:wheat_seeds":1,"minecraft:dandelion":2}},"DataVersion":2586}