{"stats":{"minecraft:killed":{"minecraft:cow":2},"minecraft:dropped":{"minecraft:leather":2,"minecraft:wheat_seeds":1,"minecraft:dandelion":2},"minecraft:custom":{"minecraft:time_since_rest":1248,"minecraft:play_one_minute":38763,"minecraft:crouch_one_cm":1215,"minecraft:sprint_one_cm":39084,"minecraft:walk_one_cm":84097,"minecraft:deaths":4,"minecraft:sneak_time":340,"minecraft:mob_kills":2,"minecraft:interact_with_anvil":1,"minecraft:drop":5,"minecraft:jump":121,"minecraft:damage_dealt":223,"minecraft:leave_game":5,"minecraft:time_since_death":1218,"minecraft:fly_one_cm":144176,"minecraft:fall_one_cm":2299},"minecraft:mined":{"minecraft:grass":7,"minecraft:tall_grass":3,"minecraft:dandelion":2},"minecraft:used":{"minecraft:beef":1,"minecraft:dirt":20,"minecraft:netherite_shovel":11,"minecraft:anvil":1,"minecraft:grass_block":46,"minecraft:polished_andesite":126},"minecraft:picked_up":{"minecraft:polished_andesite":1,"minecraft:anvil":3,"minecraft:leather":6,"minecraft:wheat_seeds":30,"minecraft:dandelion":28,"minecraft:beef":19,"minecraft:netherite_shovel":3,"minecraft:grass_block":3,"minecraft:mutton":9,"minecraft:dirt":3,"minecraft:white_wool":2}},"DataVersion":2586}