{"stats":{"minecraft:killed":{"minecraft:cow":1},"minecraft:mined":{"minecraft:grass":7,"minecraft:tall_grass":3,"minecraft:dandelion":2},"minecraft:picked_up":{"minecraft:leather":2,"minecraft:wheat_seeds":1,"minecraft:dandelion":2,"minecraft:beef":1},"minecraft:custom":{"minecraft:time_since_rest":7928,"minecraft:play_one_minute":7928,"minecraft:sprint_one_cm":17246,"minecraft:walk_one_cm":7914,"minecraft:sneak_time":82,"minecraft:interact_with_anvil":1,"minecraft:mob_kills":1,"minecraft:drop":5,"minecraft:jump":79,"minecraft:damage_dealt":67,"minecraft:time_since_death":7928,"minecraft:fall_one_cm":2299,"minecraft:fly_one_cm":72189},"minecraft:used":{"minecraft:anvil":1,"minecraft:beef":1},"minecraft:dropped":{"minecraft:leather":2,"minecraft:wheat_seeds":1,"minecraft:dandelion":2}},"DataVersion":2586}