{"stats":{"minecraft:killed":{"minecraft:cow":2},"minecraft:dropped":{"minecraft:leather":2,"minecraft:wheat_seeds":1,"minecraft:dandelion":2},"minecraft:custom":{"minecraft:time_since_rest":6946,"minecraft:play_one_minute":26763,"minecraft:crouch_one_cm":1060,"minecraft:sprint_one_cm":33213,"minecraft:walk_one_cm":72445,"minecraft:deaths":3,"minecraft:sneak_time":315,"minecraft:mob_kills":2,"minecraft:interact_with_anvil":1,"minecraft:drop":5,"minecraft:jump":116,"minecraft:damage_dealt":169,"minecraft:leave_game":5,"minecraft:time_since_death":6866,"minecraft:fly_one_cm":136425,"minecraft:fall_one_cm":2299},"minecraft:mined":{"minecraft:grass":7,"minecraft:tall_grass":3,"minecraft:dandelion":2},"minecraft:used":{"minecraft:beef":1,"minecraft:dirt":20,"minecraft:netherite_shovel":11,"minecraft:anvil":1,"minecraft:grass_block":46,"minecraft:polished_andesite":84},"minecraft:picked_up":{"minecraft:anvil":2,"minecraft:leather":6,"minecraft:wheat_seeds":22,"minecraft:dandelion":26,"minecraft:beef":14,"minecraft:netherite_shovel":2,"minecraft:grass_block":2,"minecraft:mutton":6,"minecraft:dirt":2,"minecraft:white_wool":2}},"DataVersion":2586}