{"stats":{"minecraft:killed":{"minecraft:spider":1,"minecraft:cow":2},"minecraft:dropped":{"minecraft:leather":2,"minecraft:wheat_seeds":1,"minecraft:dandelion":2},"minecraft:custom":{"minecraft:time_since_rest":12975,"minecraft:play_one_minute":50490,"minecraft:crouch_one_cm":1233,"minecraft:sprint_one_cm":50016,"minecraft:walk_one_cm":91716,"minecraft:deaths":4,"minecraft:sneak_time":509,"minecraft:mob_kills":3,"minecraft:interact_with_anvil":3,"minecraft:drop":5,"minecraft:jump":137,"minecraft:damage_dealt":437,"minecraft:leave_game":6,"minecraft:time_since_death":12945,"minecraft:fly_one_cm":294837,"minecraft:fall_one_cm":2299},"minecraft:mined":{"minecraft:grass":7,"minecraft:tall_grass":3,"minecraft:dandelion":2},"minecraft:used":{"minecraft:beef":1,"minecraft:dirt":21,"minecraft:netherite_shovel":13,"minecraft:anvil":38,"minecraft:grass_block":46,"minecraft:polished_andesite":510},"minecraft:picked_up":{"minecraft:polished_andesite":1,"minecraft:anvil":3,"minecraft:leather":6,"minecraft:wheat_seeds":31,"minecraft:dandelion":28,"minecraft:beef":19,"minecraft:netherite_shovel":3,"minecraft:grass_block":3,"minecraft:string":1,"minecraft:mutton":9,"minecraft:dirt":3,"minecraft:white_wool":2}},"DataVersion":2586}