{"stats":{"minecraft:killed":{"minecraft:zombie":1},"minecraft:mined":{"minecraft:grass":40,"minecraft:grass_block":1,"minecraft:tall_grass":1,"minecraft:azure_bluet":10},"minecraft:killed_by":{"minecraft:skeleton":2,"minecraft:creeper":2,"minecraft:zombie":8},"minecraft:picked_up":{"minecraft:azure_bluet":9,"minecraft:rotten_flesh":2,"minecraft:wheat_seeds":5,"minecraft:dirt":1},"minecraft:custom":{"minecraft:time_since_rest":2399,"minecraft:play_one_minute":9417,"minecraft:damage_taken":3155,"minecraft:sprint_one_cm":23236,"minecraft:deaths":12,"minecraft:walk_one_cm":19217,"minecraft:mob_kills":1,"minecraft:jump":256,"minecraft:damage_dealt":582,"minecraft:leave_game":3,"minecraft:walk_on_water_one_cm":1236,"minecraft:time_since_death":914,"minecraft:fall_one_cm":7433,"minecraft:fly_one_cm":74260},"minecraft:used":{"minecraft:rotten_flesh":2,"minecraft:azure_bluet":9}},"DataVersion":2586}