{"stats":{"minecraft:killed":{"minecraft:sheep":2,"minecraft:zombie":1},"minecraft:dropped":{"minecraft:anvil":1,"minecraft:white_wool":3},"minecraft:custom":{"minecraft:time_since_rest":19508,"minecraft:sprint_one_cm":85632,"minecraft:damage_taken":3235,"minecraft:walk_one_cm":54110,"minecraft:mob_kills":3,"minecraft:drop":4,"minecraft:damage_dealt":1242,"minecraft:fly_one_cm":356368,"minecraft:crouch_one_cm":1239,"minecraft:play_one_minute":42593,"minecraft:deaths":14,"minecraft:sneak_time":538,"minecraft:walk_under_water_one_cm":271,"minecraft:jump":813,"minecraft:leave_game":8,"minecraft:walk_on_water_one_cm":3172,"minecraft:time_since_death":19457,"minecraft:fall_one_cm":10359},"minecraft:mined":{"minecraft:azure_bluet":10,"minecraft:grass":52,"minecraft:grass_block":2,"minecraft:tall_grass":5},"minecraft:killed_by":{"minecraft:skeleton":2,"minecraft:creeper":2,"minecraft:zombie":8},"minecraft:used":{"minecraft:oxeye_daisy":29,"minecraft:rotten_flesh":2,"minecraft:white_wool":33,"minecraft:mutton":1,"minecraft:dirt":2,"minecraft:anvil":1,"minecraft:dandelion":28,"minecraft:azure_bluet":9},"minecraft:picked_up":{"minecraft:azure_bluet":9,"minecraft:anvil":1,"minecraft:leather":5,"minecraft:dandelion":1,"minecraft:gunpowder":2,"minecraft:dirt":2,"minecraft:rotten_flesh":8,"minecraft:wheat_seeds":6,"minecraft:beef":5,"minecraft:mutton":4,"minecraft:white_wool":7,"minecraft:oxeye_daisy":12}},"DataVersion":2586}