{"stats":{"minecraft:killed":{"minecraft:sheep":2,"minecraft:zombie":1},"minecraft:mined":{"minecraft:grass":52,"minecraft:grass_block":2,"minecraft:tall_grass":5,"minecraft:azure_bluet":10},"minecraft:killed_by":{"minecraft:skeleton":2,"minecraft:creeper":2,"minecraft:zombie":8},"minecraft:picked_up":{"minecraft:azure_bluet":9,"minecraft:anvil":1,"minecraft:rotten_flesh":8,"minecraft:leather":2,"minecraft:wheat_seeds":6,"minecraft:beef":5,"minecraft:gunpowder":2,"minecraft:mutton":4,"minecraft:dirt":2,"minecraft:white_wool":2},"minecraft:custom":{"minecraft:time_since_rest":2503,"minecraft:damage_taken":3235,"minecraft:play_one_minute":25588,"minecraft:crouch_one_cm":32,"minecraft:walk_one_cm":40889,"minecraft:sprint_one_cm":52021,"minecraft:deaths":14,"minecraft:sneak_time":135,"minecraft:walk_under_water_one_cm":271,"minecraft:mob_kills":3,"minecraft:drop":1,"minecraft:jump":506,"minecraft:damage_dealt":1112,"minecraft:leave_game":4,"minecraft:time_since_death":2452,"minecraft:walk_on_water_one_cm":2502,"minecraft:fly_one_cm":216206,"minecraft:fall_one_cm":10359},"minecraft:used":{"minecraft:dirt":2,"minecraft:rotten_flesh":2,"minecraft:anvil":1,"minecraft:mutton":1,"minecraft:azure_bluet":9},"minecraft:dropped":{"minecraft:anvil":1}},"DataVersion":2586}