{"stats":{"minecraft:picked_up":{"minecraft:bone":2,"minecraft:arrow":1,"minecraft:rotten_flesh":1},"minecraft:custom":{"minecraft:jump":66,"minecraft:time_since_rest":221,"minecraft:deaths":1,"minecraft:crouch_one_cm":1,"minecraft:damage_dealt":40,"minecraft:play_one_minute":12629,"minecraft:damage_taken":265,"minecraft:leave_game":4,"minecraft:sprint_one_cm":2718,"minecraft:time_since_death":0,"minecraft:walk_on_water_one_cm":505,"minecraft:walk_one_cm":3128,"minecraft:sneak_time":265,"minecraft:walk_under_water_one_cm":2214,"minecraft:swim_one_cm":635,"minecraft:fall_one_cm":836,"minecraft:fly_one_cm":12430},"minecraft:killed_by":{"minecraft:spider":1}},"DataVersion":2586}