{"stats":{"minecraft:killed":{"minecraft:sheep":2,"minecraft:zombie":1},"minecraft:mined":{"minecraft:grass":52,"minecraft:grass_block":2,"minecraft:tall_grass":5,"minecraft:azure_bluet":10},"minecraft:killed_by":{"minecraft:skeleton":2,"minecraft:creeper":2,"minecraft:zombie":8},"minecraft:picked_up":{"minecraft:azure_bluet":9,"minecraft:rotten_flesh":2,"minecraft:wheat_seeds":5,"minecraft:mutton":4,"minecraft:white_wool":2,"minecraft:dirt":2},"minecraft:custom":{"minecraft:time_since_rest":9958,"minecraft:crouch_one_cm":32,"minecraft:play_one_minute":16976,"minecraft:damage_taken":3155,"minecraft:sprint_one_cm":38492,"minecraft:deaths":12,"minecraft:walk_one_cm":28967,"minecraft:sneak_time":135,"minecraft:walk_under_water_one_cm":271,"minecraft:mob_kills":3,"minecraft:jump":428,"minecraft:damage_dealt":849,"minecraft:leave_game":3,"minecraft:walk_on_water_one_cm":1882,"minecraft:time_since_death":8473,"minecraft:fall_one_cm":10359,"minecraft:fly_one_cm":183999},"minecraft:used":{"minecraft:rotten_flesh":2,"minecraft:mutton":1,"minecraft:azure_bluet":9}},"DataVersion":2586}