{"stats":{"minecraft:killed":{"minecraft:sheep":2,"minecraft:zombie":1},"minecraft:mined":{"minecraft:grass":52,"minecraft:grass_block":2,"minecraft:tall_grass":5,"minecraft:azure_bluet":10},"minecraft:killed_by":{"minecraft:skeleton":2,"minecraft:creeper":2,"minecraft:zombie":8},"minecraft:picked_up":{"minecraft:azure_bluet":9,"minecraft:anvil":1,"minecraft:rotten_flesh":8,"minecraft:leather":5,"minecraft:wheat_seeds":6,"minecraft:dandelion":1,"minecraft:beef":5,"minecraft:gunpowder":2,"minecraft:mutton":4,"minecraft:dirt":2,"minecraft:white_wool":7,"minecraft:oxeye_daisy":12},"minecraft:custom":{"minecraft:time_since_rest":11641,"minecraft:damage_taken":3235,"minecraft:play_one_minute":34726,"minecraft:crouch_one_cm":1239,"minecraft:walk_one_cm":51346,"minecraft:sprint_one_cm":72689,"minecraft:deaths":14,"minecraft:sneak_time":538,"minecraft:walk_under_water_one_cm":271,"minecraft:mob_kills":3,"minecraft:drop":4,"minecraft:jump":705,"minecraft:damage_dealt":1242,"minecraft:leave_game":5,"minecraft:time_since_death":11590,"minecraft:walk_on_water_one_cm":3172,"minecraft:fly_one_cm":323737,"minecraft:fall_one_cm":10359},"minecraft:used":{"minecraft:dirt":2,"minecraft:rotten_flesh":2,"minecraft:anvil":1,"minecraft:mutton":1,"minecraft:white_wool":33,"minecraft:azure_bluet":9,"minecraft:oxeye_daisy":29},"minecraft:dropped":{"minecraft:anvil":1,"minecraft:white_wool":3}},"DataVersion":2586}